# Generated by tools/schema_codegen.nim; do not edit by hand.
# source_commit	2c0a5ddffb9c9cf9b3a8826454758397a6b4804b
method	path	operation_id	request_schema	response_schema
GET	/applications/@me	get_my_application	-	PrivateApplicationResponse
PATCH	/applications/@me	update_my_application	ApplicationFormPartial	PrivateApplicationResponse
GET	/applications/{application_id}	get_application	-	PrivateApplicationResponse
PATCH	/applications/{application_id}	update_application	ApplicationFormPartial	PrivateApplicationResponse
GET	/applications/{application_id}/activity-instances/{instance_id}	applications_get_activity_instance	-	EmbeddedActivityInstance
POST	/applications/{application_id}/attachment	upload_application_attachment	object	ActivitiesAttachmentResponse
GET	/applications/{application_id}/commands	list_application_commands	-	seq[ApplicationCommandResponse] | null
POST	/applications/{application_id}/commands	create_application_command	ApplicationCommandCreateRequest	ApplicationCommandResponse
PUT	/applications/{application_id}/commands	bulk_set_application_commands	seq[ApplicationCommandUpdateRequest] | null	seq[ApplicationCommandResponse] | null
GET	/applications/{application_id}/commands/{command_id}	get_application_command	-	ApplicationCommandResponse
PATCH	/applications/{application_id}/commands/{command_id}	update_application_command	ApplicationCommandPatchRequestPartial	ApplicationCommandResponse
DELETE	/applications/{application_id}/commands/{command_id}	delete_application_command	-	-
GET	/applications/{application_id}/emojis	list_application_emojis	-	ListApplicationEmojisResponse
POST	/applications/{application_id}/emojis	create_application_emoji	object	EmojiResponse
GET	/applications/{application_id}/emojis/{emoji_id}	get_application_emoji	-	EmojiResponse
PATCH	/applications/{application_id}/emojis/{emoji_id}	update_application_emoji	object	EmojiResponse
DELETE	/applications/{application_id}/emojis/{emoji_id}	delete_application_emoji	-	-
GET	/applications/{application_id}/entitlements	get_entitlements	-	seq[EntitlementResponse]
POST	/applications/{application_id}/entitlements	create_entitlement	CreateEntitlementRequestData	EntitlementResponse
GET	/applications/{application_id}/entitlements/{entitlement_id}	get_entitlement	-	EntitlementResponse
DELETE	/applications/{application_id}/entitlements/{entitlement_id}	delete_entitlement	-	-
POST	/applications/{application_id}/entitlements/{entitlement_id}/consume	consume_entitlement	-	-
GET	/applications/{application_id}/guilds/{guild_id}/commands	list_guild_application_commands	-	seq[ApplicationCommandResponse] | null
POST	/applications/{application_id}/guilds/{guild_id}/commands	create_guild_application_command	ApplicationCommandCreateRequest	ApplicationCommandResponse
PUT	/applications/{application_id}/guilds/{guild_id}/commands	bulk_set_guild_application_commands	seq[ApplicationCommandUpdateRequest] | null	seq[ApplicationCommandResponse] | null
GET	/applications/{application_id}/guilds/{guild_id}/commands/permissions	list_guild_application_command_permissions	-	seq[CommandPermissionsResponse]
GET	/applications/{application_id}/guilds/{guild_id}/commands/{command_id}	get_guild_application_command	-	ApplicationCommandResponse
PATCH	/applications/{application_id}/guilds/{guild_id}/commands/{command_id}	update_guild_application_command	ApplicationCommandPatchRequestPartial	ApplicationCommandResponse
DELETE	/applications/{application_id}/guilds/{guild_id}/commands/{command_id}	delete_guild_application_command	-	-
GET	/applications/{application_id}/guilds/{guild_id}/commands/{command_id}/permissions	get_guild_application_command_permissions	-	CommandPermissionsResponse
PUT	/applications/{application_id}/guilds/{guild_id}/commands/{command_id}/permissions	set_guild_application_command_permissions	object	CommandPermissionsResponse
GET	/applications/{application_id}/role-connections/metadata	get_application_role_connections_metadata	-	seq[ApplicationRoleConnectionsMetadataItemResponse] | null
PUT	/applications/{application_id}/role-connections/metadata	update_application_role_connections_metadata	seq[ApplicationRoleConnectionsMetadataItemRequest] | null	seq[ApplicationRoleConnectionsMetadataItemResponse] | null
GET	/channels/{channel_id}	get_channel	-	GuildChannelResponse | PrivateChannelResponse | PrivateGroupChannelResponse | ThreadResponse
PATCH	/channels/{channel_id}	update_channel	UpdateDMRequestPartial | UpdateGroupDMRequestPartial | UpdateGuildChannelRequestPartial | UpdateThreadRequestPartial	GuildChannelResponse | PrivateChannelResponse | PrivateGroupChannelResponse | ThreadResponse
DELETE	/channels/{channel_id}	delete_channel	-	GuildChannelResponse | PrivateChannelResponse | PrivateGroupChannelResponse | ThreadResponse
POST	/channels/{channel_id}/followers	follow_channel	object	ChannelFollowerResponse
GET	/channels/{channel_id}/invites	list_channel_invites	-	seq[FriendInviteResponse | GroupDMInviteResponse | GuildInviteResponse | null] | null
POST	/channels/{channel_id}/invites	create_channel_invite	CreateGroupDMInviteRequest | CreateGuildInviteRequest	FriendInviteResponse | GroupDMInviteResponse | GuildInviteResponse
GET	/channels/{channel_id}/messages	list_messages	-	seq[MessageResponse] | null
POST	/channels/{channel_id}/messages	create_message	MessageCreateRequest	MessageResponse
POST	/channels/{channel_id}/messages/bulk-delete	bulk_delete_messages	object	-
GET	/channels/{channel_id}/messages/pins	list_pins	-	PinnedMessagesResponse
PUT	/channels/{channel_id}/messages/pins/{message_id}	create_pin	-	-
DELETE	/channels/{channel_id}/messages/pins/{message_id}	delete_pin	-	-
GET	/channels/{channel_id}/messages/{message_id}	get_message	-	MessageResponse
PATCH	/channels/{channel_id}/messages/{message_id}	update_message	MessageEditRequestPartial	MessageResponse
DELETE	/channels/{channel_id}/messages/{message_id}	delete_message	-	-
POST	/channels/{channel_id}/messages/{message_id}/crosspost	crosspost_message	-	MessageResponse
DELETE	/channels/{channel_id}/messages/{message_id}/reactions	delete_all_message_reactions	-	-
GET	/channels/{channel_id}/messages/{message_id}/reactions/{emoji_name}	list_message_reactions_by_emoji	-	seq[UserResponse]
DELETE	/channels/{channel_id}/messages/{message_id}/reactions/{emoji_name}	delete_all_message_reactions_by_emoji	-	-
PUT	/channels/{channel_id}/messages/{message_id}/reactions/{emoji_name}/@me	add_my_message_reaction	-	-
DELETE	/channels/{channel_id}/messages/{message_id}/reactions/{emoji_name}/@me	delete_my_message_reaction	-	-
DELETE	/channels/{channel_id}/messages/{message_id}/reactions/{emoji_name}/{user_id}	delete_user_message_reaction	-	-
POST	/channels/{channel_id}/messages/{message_id}/threads	create_thread_from_message	CreateTextThreadWithMessageRequest	ThreadResponse
PUT	/channels/{channel_id}/permissions/{overwrite_id}	set_channel_permission_overwrite	object	-
DELETE	/channels/{channel_id}/permissions/{overwrite_id}	delete_channel_permission_overwrite	-	-
GET	/channels/{channel_id}/pins	deprecated_list_pins	-	seq[MessageResponse] | null
PUT	/channels/{channel_id}/pins/{message_id}	deprecated_create_pin	-	-
DELETE	/channels/{channel_id}/pins/{message_id}	deprecated_delete_pin	-	-
GET	/channels/{channel_id}/polls/{message_id}/answers/{answer_id}	get_answer_voters	-	PollAnswerDetailsResponse
POST	/channels/{channel_id}/polls/{message_id}/expire	poll_expire	-	MessageResponse
PUT	/channels/{channel_id}/recipients/{user_id}	add_group_dm_user	object	PrivateChannelResponse | PrivateGroupChannelResponse
DELETE	/channels/{channel_id}/recipients/{user_id}	delete_group_dm_user	-	-
POST	/channels/{channel_id}/send-soundboard-sound	send_soundboard_sound	SoundboardSoundSendRequest	-
GET	/channels/{channel_id}/thread-members	list_thread_members	-	seq[ThreadMemberResponse]
PUT	/channels/{channel_id}/thread-members/@me	join_thread	-	-
DELETE	/channels/{channel_id}/thread-members/@me	leave_thread	-	-
GET	/channels/{channel_id}/thread-members/{user_id}	get_thread_member	-	ThreadMemberResponse
PUT	/channels/{channel_id}/thread-members/{user_id}	add_thread_member	-	-
DELETE	/channels/{channel_id}/thread-members/{user_id}	delete_thread_member	-	-
POST	/channels/{channel_id}/threads	create_thread	CreateForumThreadRequest | CreateTextThreadWithoutMessageRequest	CreatedThreadResponse
GET	/channels/{channel_id}/threads/archived/private	list_private_archived_threads	-	ThreadsResponse
GET	/channels/{channel_id}/threads/archived/public	list_public_archived_threads	-	ThreadsResponse
GET	/channels/{channel_id}/threads/search	thread_search	-	ThreadSearchResponse
POST	/channels/{channel_id}/typing	trigger_typing_indicator	-	TypingIndicatorResponse
GET	/channels/{channel_id}/users/@me/threads/archived/private	list_my_private_archived_threads	-	ThreadsResponse
PUT	/channels/{channel_id}/voice-status	update_voice_channel_status	object	-
GET	/channels/{channel_id}/webhooks	list_channel_webhooks	-	seq[ApplicationIncomingWebhookResponse | ChannelFollowerWebhookResponse | GuildIncomingWebhookResponse] | null
POST	/channels/{channel_id}/webhooks	create_webhook	object	GuildIncomingWebhookResponse
GET	/gateway	get_gateway	-	GatewayResponse
GET	/gateway/bot	get_bot_gateway	-	GatewayBotResponse
GET	/guilds/templates/{code}	get_guild_template	-	GuildTemplateResponse
GET	/guilds/{guild_id}	get_guild	-	GuildWithCountsResponse
PATCH	/guilds/{guild_id}	update_guild	GuildPatchRequestPartial	GuildResponse
GET	/guilds/{guild_id}/audit-logs	list_guild_audit_log_entries	-	GuildAuditLogResponse
GET	/guilds/{guild_id}/auto-moderation/rules	list_auto_moderation_rules	-	seq[DefaultKeywordRuleResponse | KeywordRuleResponse | MLSpamRuleResponse | MentionSpamRuleResponse | UserProfileRuleResponse | null] | null
POST	/guilds/{guild_id}/auto-moderation/rules	create_auto_moderation_rule	DefaultKeywordListUpsertRequest | KeywordUpsertRequest | MLSpamUpsertRequest | MentionSpamUpsertRequest | UserProfileUpsertRequest	DefaultKeywordRuleResponse | KeywordRuleResponse | MLSpamRuleResponse | MentionSpamRuleResponse | UserProfileRuleResponse
GET	/guilds/{guild_id}/auto-moderation/rules/{rule_id}	get_auto_moderation_rule	-	DefaultKeywordRuleResponse | KeywordRuleResponse | MLSpamRuleResponse | MentionSpamRuleResponse | UserProfileRuleResponse
PATCH	/guilds/{guild_id}/auto-moderation/rules/{rule_id}	update_auto_moderation_rule	DefaultKeywordListUpsertRequestPartial | KeywordUpsertRequestPartial | MLSpamUpsertRequestPartial | MentionSpamUpsertRequestPartial | UserProfileUpsertRequestPartial	DefaultKeywordRuleResponse | KeywordRuleResponse | MLSpamRuleResponse | MentionSpamRuleResponse | UserProfileRuleResponse
DELETE	/guilds/{guild_id}/auto-moderation/rules/{rule_id}	delete_auto_moderation_rule	-	-
GET	/guilds/{guild_id}/bans	list_guild_bans	-	seq[GuildBanResponse] | null
GET	/guilds/{guild_id}/bans/{user_id}	get_guild_ban	-	GuildBanResponse
PUT	/guilds/{guild_id}/bans/{user_id}	ban_user_from_guild	BanUserFromGuildRequest	-
DELETE	/guilds/{guild_id}/bans/{user_id}	unban_user_from_guild	UnbanUserFromGuildRequest	-
POST	/guilds/{guild_id}/bulk-ban	bulk_ban_users_from_guild	BulkBanUsersRequest	BulkBanUsersResponse
GET	/guilds/{guild_id}/channels	list_guild_channels	-	seq[GuildChannelResponse | PrivateChannelResponse | PrivateGroupChannelResponse | ThreadResponse] | null
POST	/guilds/{guild_id}/channels	create_guild_channel	CreateGuildChannelRequest	GuildChannelResponse
PATCH	/guilds/{guild_id}/channels	bulk_update_guild_channels	seq[object]	-
GET	/guilds/{guild_id}/emojis	list_guild_emojis	-	seq[EmojiResponse] | null
POST	/guilds/{guild_id}/emojis	create_guild_emoji	object	EmojiResponse
GET	/guilds/{guild_id}/emojis/{emoji_id}	get_guild_emoji	-	EmojiResponse
PATCH	/guilds/{guild_id}/emojis/{emoji_id}	update_guild_emoji	object	EmojiResponse
DELETE	/guilds/{guild_id}/emojis/{emoji_id}	delete_guild_emoji	-	-
PUT	/guilds/{guild_id}/incident-actions	update_guild_incident_actions	GuildIncidentActionsRequest	GuildIncidentsDataResponse
GET	/guilds/{guild_id}/integrations	list_guild_integrations	-	seq[DiscordIntegrationResponse | ExternalConnectionIntegrationResponse | GuildSubscriptionIntegrationResponse] | null
DELETE	/guilds/{guild_id}/integrations/{integration_id}	delete_guild_integration	-	-
GET	/guilds/{guild_id}/invites	list_guild_invites	-	seq[FriendInviteResponse | GroupDMInviteResponse | GuildInviteResponse | null] | null
GET	/guilds/{guild_id}/members	list_guild_members	-	seq[GuildMemberResponse]
PATCH	/guilds/{guild_id}/members/@me	update_my_guild_member	object	PrivateGuildMemberResponse
GET	/guilds/{guild_id}/members/search	search_guild_members	-	seq[GuildMemberResponse]
GET	/guilds/{guild_id}/members/{user_id}	get_guild_member	-	GuildMemberResponse
PUT	/guilds/{guild_id}/members/{user_id}	add_guild_member	BotAddGuildMemberRequest	GuildMemberResponse
PATCH	/guilds/{guild_id}/members/{user_id}	update_guild_member	object	GuildMemberResponse
DELETE	/guilds/{guild_id}/members/{user_id}	delete_guild_member	-	-
PUT	/guilds/{guild_id}/members/{user_id}/roles/{role_id}	add_guild_member_role	-	-
DELETE	/guilds/{guild_id}/members/{user_id}/roles/{role_id}	delete_guild_member_role	-	-
GET	/guilds/{guild_id}/messages/search	guild_search	-	GuildSearchResponse
GET	/guilds/{guild_id}/new-member-welcome	get_guild_new_member_welcome	-	GuildHomeSettingsResponse
GET	/guilds/{guild_id}/onboarding	get_guilds_onboarding	-	UserGuildOnboardingResponse
PUT	/guilds/{guild_id}/onboarding	put_guilds_onboarding	UpdateGuildOnboardingRequest	GuildOnboardingResponse
GET	/guilds/{guild_id}/preview	get_guild_preview	-	GuildPreviewResponse
GET	/guilds/{guild_id}/prune	preview_prune_guild	-	GuildPruneResponse
POST	/guilds/{guild_id}/prune	prune_guild	PruneGuildRequest	GuildPruneResponse
GET	/guilds/{guild_id}/regions	list_guild_voice_regions	-	seq[VoiceRegionResponse] | null
GET	/guilds/{guild_id}/requests	get_guild_join_requests	-	GuildJoinRequestsListResponse
PATCH	/guilds/{guild_id}/requests/{request_id}	action_guild_join_request	object	GuildJoinRequestResponse
GET	/guilds/{guild_id}/roles	list_guild_roles	-	seq[GuildRoleResponse]
POST	/guilds/{guild_id}/roles	create_guild_role	CreateRoleRequest	GuildRoleResponse
PATCH	/guilds/{guild_id}/roles	bulk_update_guild_roles	seq[UpdateRolePositionsRequest]	seq[GuildRoleResponse]
GET	/guilds/{guild_id}/roles/member-counts	guild_role_member_counts	-	object
GET	/guilds/{guild_id}/roles/{role_id}	get_guild_role	-	GuildRoleResponse
PATCH	/guilds/{guild_id}/roles/{role_id}	update_guild_role	UpdateRoleRequestPartial	GuildRoleResponse
DELETE	/guilds/{guild_id}/roles/{role_id}	delete_guild_role	-	-
GET	/guilds/{guild_id}/scheduled-events	list_guild_scheduled_events	-	seq[ExternalScheduledEventResponse | StageScheduledEventResponse | VoiceScheduledEventResponse] | null
POST	/guilds/{guild_id}/scheduled-events	create_guild_scheduled_event	ExternalScheduledEventCreateRequest | StageScheduledEventCreateRequest | VoiceScheduledEventCreateRequest	ExternalScheduledEventResponse | StageScheduledEventResponse | VoiceScheduledEventResponse
GET	/guilds/{guild_id}/scheduled-events/{guild_scheduled_event_id}	get_guild_scheduled_event	-	ExternalScheduledEventResponse | StageScheduledEventResponse | VoiceScheduledEventResponse
PATCH	/guilds/{guild_id}/scheduled-events/{guild_scheduled_event_id}	update_guild_scheduled_event	ExternalScheduledEventPatchRequestPartial | StageScheduledEventPatchRequestPartial | VoiceScheduledEventPatchRequestPartial	ExternalScheduledEventResponse | StageScheduledEventResponse | VoiceScheduledEventResponse
DELETE	/guilds/{guild_id}/scheduled-events/{guild_scheduled_event_id}	delete_guild_scheduled_event	-	-
POST	/guilds/{guild_id}/scheduled-events/{guild_scheduled_event_id}/exceptions	create_guild_scheduled_event_exception	GuildScheduledEventExceptionCreateRequest	GuildScheduledEventExceptionResponse
PATCH	/guilds/{guild_id}/scheduled-events/{guild_scheduled_event_id}/exceptions/{exception_id}	update_guild_scheduled_event_exception	GuildScheduledEventExceptionPatchRequestPartial	GuildScheduledEventExceptionResponse
DELETE	/guilds/{guild_id}/scheduled-events/{guild_scheduled_event_id}/exceptions/{exception_id}	delete_guild_scheduled_event_exception	-	-
GET	/guilds/{guild_id}/scheduled-events/{guild_scheduled_event_id}/users	list_guild_scheduled_event_users	-	seq[ScheduledEventUserResponse] | null
GET	/guilds/{guild_id}/scheduled-events/{guild_scheduled_event_id}/users/counts	count_guild_scheduled_event_users	-	ScheduledEventUserCountResponse
GET	/guilds/{guild_id}/scheduled-events/{guild_scheduled_event_id}/{guild_scheduled_event_exception_id}/users	list_guild_scheduled_event_exception_users	-	seq[ScheduledEventUserResponse] | null
GET	/guilds/{guild_id}/soundboard-sounds	list_guild_soundboard_sounds	-	ListGuildSoundboardSoundsResponse
POST	/guilds/{guild_id}/soundboard-sounds	create_guild_soundboard_sound	SoundboardCreateRequest	SoundboardSoundResponse
GET	/guilds/{guild_id}/soundboard-sounds/{sound_id}	get_guild_soundboard_sound	-	SoundboardSoundResponse
PATCH	/guilds/{guild_id}/soundboard-sounds/{sound_id}	update_guild_soundboard_sound	SoundboardPatchRequestPartial	SoundboardSoundResponse
DELETE	/guilds/{guild_id}/soundboard-sounds/{sound_id}	delete_guild_soundboard_sound	-	-
GET	/guilds/{guild_id}/stickers	list_guild_stickers	-	seq[GuildStickerResponse]
POST	/guilds/{guild_id}/stickers	create_guild_sticker	object	GuildStickerResponse
GET	/guilds/{guild_id}/stickers/{sticker_id}	get_guild_sticker	-	GuildStickerResponse
PATCH	/guilds/{guild_id}/stickers/{sticker_id}	update_guild_sticker	object	GuildStickerResponse
DELETE	/guilds/{guild_id}/stickers/{sticker_id}	delete_guild_sticker	-	-
GET	/guilds/{guild_id}/templates	list_guild_templates	-	seq[GuildTemplateResponse] | null
POST	/guilds/{guild_id}/templates	create_guild_template	object	GuildTemplateResponse
PUT	/guilds/{guild_id}/templates/{code}	sync_guild_template	-	GuildTemplateResponse
PATCH	/guilds/{guild_id}/templates/{code}	update_guild_template	object	GuildTemplateResponse
DELETE	/guilds/{guild_id}/templates/{code}	delete_guild_template	-	GuildTemplateResponse
GET	/guilds/{guild_id}/threads/active	get_active_guild_threads	-	ThreadsResponse
GET	/guilds/{guild_id}/vanity-url	get_guild_vanity_url	-	VanityURLResponse
GET	/guilds/{guild_id}/voice-states/@me	get_self_voice_state	-	VoiceStateResponse
PATCH	/guilds/{guild_id}/voice-states/@me	update_self_voice_state	UpdateSelfVoiceStateRequestPartial	-
GET	/guilds/{guild_id}/voice-states/{user_id}	get_voice_state	-	VoiceStateResponse
PATCH	/guilds/{guild_id}/voice-states/{user_id}	update_voice_state	UpdateVoiceStateRequestPartial	-
GET	/guilds/{guild_id}/webhooks	get_guild_webhooks	-	seq[ApplicationIncomingWebhookResponse | ChannelFollowerWebhookResponse | GuildIncomingWebhookResponse] | null
GET	/guilds/{guild_id}/welcome-screen	get_guild_welcome_screen	-	GuildWelcomeScreenResponse
PATCH	/guilds/{guild_id}/welcome-screen	update_guild_welcome_screen	WelcomeScreenPatchRequestPartial	GuildWelcomeScreenResponse
GET	/guilds/{guild_id}/widget	get_guild_widget_settings	-	WidgetSettingsResponse
PATCH	/guilds/{guild_id}/widget	update_guild_widget_settings	object	WidgetSettingsResponse
GET	/guilds/{guild_id}/widget.json	get_guild_widget	-	WidgetResponse
GET	/guilds/{guild_id}/widget.png	get_guild_widget_png	-	string
POST	/interactions/{interaction_id}/{interaction_token}/callback	create_interaction_response	ApplicationCommandAutocompleteCallbackRequest | CreateMessageInteractionCallbackRequest | LaunchActivityInteractionCallbackRequest | ModalInteractionCallbackRequest | PongInteractionCallbackRequest | SocialLayerSKUPurchaseEligibilityInteractionCallbackRequest | UpdateMessageInteractionCallbackRequest	InteractionCallbackResponse
GET	/invites/{code}	invite_resolve	-	FriendInviteResponse | GroupDMInviteResponse | GuildInviteResponse
DELETE	/invites/{code}	invite_revoke	-	FriendInviteResponse | GroupDMInviteResponse | GuildInviteResponse
GET	/invites/{code}/target-users	get_invite_target_users	-	string
PUT	/invites/{code}/target-users	update_invite_target_users	object	-
GET	/invites/{code}/target-users/job-status	get_invite_target_users_job_status	-	TargetUsersJobStatusResponse
POST	/lobbies	create_lobby	object	LobbyResponse
PUT	/lobbies	create_or_join_lobby	object	LobbyResponse
GET	/lobbies/{lobby_id}	get_lobby	-	LobbyResponse
PATCH	/lobbies/{lobby_id}	edit_lobby	object	LobbyResponse
DELETE	/lobbies/{lobby_id}	delete_lobby	-	-
PATCH	/lobbies/{lobby_id}/channel-linking	edit_lobby_channel_link	object	LobbyResponse
DELETE	/lobbies/{lobby_id}/members/@me	leave_lobby	-	-
POST	/lobbies/{lobby_id}/members/@me/invites	create_linked_lobby_guild_invite_for_self	-	LobbyGuildInviteResponse
POST	/lobbies/{lobby_id}/members/bulk	bulk_update_lobby_members	seq[BulkLobbyMemberRequest] | null	seq[LobbyMemberResponse] | null
PUT	/lobbies/{lobby_id}/members/{user_id}	add_lobby_member	object	LobbyMemberResponse
DELETE	/lobbies/{lobby_id}/members/{user_id}	delete_lobby_member	-	-
POST	/lobbies/{lobby_id}/members/{user_id}/invites	create_linked_lobby_guild_invite_for_user	-	LobbyGuildInviteResponse
GET	/lobbies/{lobby_id}/messages	get_lobby_messages	-	seq[LobbyMessageResponse] | null
POST	/lobbies/{lobby_id}/messages	create_lobby_message	SDKMessageRequest	LobbyMessageResponse
PUT	/lobbies/{lobby_id}/messages/{message_id}/moderation-metadata	update_lobby_message_external_moderation_metadata	object	-
GET	/oauth2/@me	get_my_oauth2_authorization	-	OAuth2GetAuthorizationResponse
GET	/oauth2/applications/@me	get_my_oauth2_application	-	PrivateApplicationResponse
GET	/oauth2/keys	get_public_keys	-	OAuth2GetKeys
GET	/oauth2/userinfo	get_openid_connect_userinfo	-	OAuth2GetOpenIDConnectUserInfoResponse
PUT	/partner-sdk/dms/{user_id_1}/{user_id_2}/messages/{message_id}/moderation-metadata	update_user_message_external_moderation_metadata	object	-
POST	/partner-sdk/provisional-accounts/unmerge	partner_sdk_unmerge_provisional_account	object	-
POST	/partner-sdk/provisional-accounts/unmerge/bot	bot_partner_sdk_unmerge_provisional_account	object	-
POST	/partner-sdk/token	partner_sdk_token	object	ProvisionalTokenResponse
POST	/partner-sdk/token/bot	bot_partner_sdk_token	object	ProvisionalTokenResponse
GET	/skus/{sku_id}/subscriptions	get_sku_subscriptions	-	seq[SubscriptionResponse]
GET	/skus/{sku_id}/subscriptions/{subscription_id}	get_sku_subscription	-	SubscriptionResponse
GET	/soundboard-default-sounds	get_soundboard_default_sounds	-	seq[SoundboardSoundResponse]
POST	/stage-instances	create_stage_instance	object	StageInstanceResponse
GET	/stage-instances/{channel_id}	get_stage_instance	-	StageInstanceResponse
PATCH	/stage-instances/{channel_id}	update_stage_instance	object	StageInstanceResponse
DELETE	/stage-instances/{channel_id}	delete_stage_instance	-	-
GET	/sticker-packs	list_sticker_packs	-	StickerPackCollectionResponse
GET	/sticker-packs/{pack_id}	get_sticker_pack	-	StickerPackResponse
GET	/stickers/{sticker_id}	get_sticker	-	GuildStickerResponse | StandardStickerResponse
GET	/users/@me	get_my_user	-	UserPIIResponse
PATCH	/users/@me	update_my_user	BotAccountPatchRequest	UserPIIResponse
GET	/users/@me/applications/{application_id}/entitlements	get_current_user_application_entitlements	-	seq[EntitlementResponse]
GET	/users/@me/applications/{application_id}/role-connection	get_application_user_role_connection	-	ApplicationUserRoleConnectionResponse
PUT	/users/@me/applications/{application_id}/role-connection	update_application_user_role_connection	UpdateApplicationUserRoleConnectionRequest	ApplicationUserRoleConnectionResponse
DELETE	/users/@me/applications/{application_id}/role-connection	delete_application_user_role_connection	-	-
POST	/users/@me/channels	create_dm	CreatePrivateChannelRequest	PrivateChannelResponse | PrivateGroupChannelResponse
GET	/users/@me/connections	list_my_connections	-	seq[ConnectedAccountResponse] | null
GET	/users/@me/guilds	list_my_guilds	-	seq[MyGuildResponse] | null
DELETE	/users/@me/guilds/{guild_id}	leave_guild	-	-
GET	/users/@me/guilds/{guild_id}/member	get_my_guild_member	-	PrivateGuildMemberResponse
GET	/users/{user_id}	get_user	-	UserResponse
GET	/voice/regions	list_voice_regions	-	seq[VoiceRegionResponse] | null
GET	/webhooks/{webhook_id}	get_webhook	-	ApplicationIncomingWebhookResponse | ChannelFollowerWebhookResponse | GuildIncomingWebhookResponse
PATCH	/webhooks/{webhook_id}	update_webhook	object	ApplicationIncomingWebhookResponse | ChannelFollowerWebhookResponse | GuildIncomingWebhookResponse
DELETE	/webhooks/{webhook_id}	delete_webhook	-	-
GET	/webhooks/{webhook_id}/{webhook_token}	get_webhook_by_token	-	ApplicationIncomingWebhookResponse | ChannelFollowerWebhookResponse | GuildIncomingWebhookResponse
POST	/webhooks/{webhook_id}/{webhook_token}	execute_webhook	IncomingWebhookRequestPartial | IncomingWebhookUpdateRequestPartial	MessageResponse
PATCH	/webhooks/{webhook_id}/{webhook_token}	update_webhook_by_token	object	ApplicationIncomingWebhookResponse | ChannelFollowerWebhookResponse | GuildIncomingWebhookResponse
DELETE	/webhooks/{webhook_id}/{webhook_token}	delete_webhook_by_token	-	-
POST	/webhooks/{webhook_id}/{webhook_token}/github	execute_github_compatible_webhook	GithubWebhook	-
GET	/webhooks/{webhook_id}/{webhook_token}/messages/@original	get_original_webhook_message	-	MessageResponse
PATCH	/webhooks/{webhook_id}/{webhook_token}/messages/@original	update_original_webhook_message	IncomingWebhookUpdateRequestPartial	MessageResponse
DELETE	/webhooks/{webhook_id}/{webhook_token}/messages/@original	delete_original_webhook_message	-	-
GET	/webhooks/{webhook_id}/{webhook_token}/messages/{message_id}	get_webhook_message	-	MessageResponse
PATCH	/webhooks/{webhook_id}/{webhook_token}/messages/{message_id}	update_webhook_message	IncomingWebhookUpdateRequestPartial	MessageResponse
DELETE	/webhooks/{webhook_id}/{webhook_token}/messages/{message_id}	delete_webhook_message	-	-
POST	/webhooks/{webhook_id}/{webhook_token}/slack	execute_slack_compatible_webhook	SlackWebhook	string | null
